est_name,address,unified_est_id,your_decision
#DESI,65 Front St W Unit-442 M5J 1E6,10805561.0,
1 HOTEL TORONTO - CASA MADERA,550 Wellington St W None M5V 2V4,10776008.0,
1 HOTEL TORONTO - FLORA LOUNGE,550 Wellington St W None M5V 2V4,10776019.0,
1 HOTEL TORONTO - HARRIET'S,550 Wellington St W None M5V 2V4,10776009.0,
111 RAMYUN,2156 YONGE ST None M4S 2A8,10823218.0,
11:59,70 Temperance St Unit-1 M5H 0B1,10781442.0,
18 FEET,"86 GERRARD ST E, Unit-100 None M5B 2J1",10839363.0,
18 FEET,1967 Yonge St None M4S 0C1,,
1910 LA MEXICANA,993.5 Bloor St W None M6H 1M1,10806585.0,
6IXDONUTZ,83 Portland St None M5V 2M9,10803582.0,
8090 KARAOKE,530 Dundas St W Flr-2 M5T 1H3,10778738.0,
955 CHINESE FOOD,2252 Queen St E None M4E 1G2,10812820.0,
99 BOTTLES,925 Kingston Rd None M4E 1S6,10797459.0,
A & W,659 Dupont St None M6G 1Z5,10787160.0,
A & W,2500 Sheppard Ave E None M2J 1X1,10800311.0,
A & W,1190 Danforth Ave None M4J 1M6,10823483.0,
A & W,654 Danforth Ave None M4J 1L1,10832820.0,
A & W,3300 Bloor St W None M8X 2X3,10839300.0,
A & W,2625 Yonge St Unit-A M4P 2J6,10841421.0,
A1 STONE POT,409 Spadina Ave None M5T 2G6,10836402.0,
AAHA! TRULY SOUTH,250 Dundas St W None M5T 2Z5,10862671.0,
ABENI AFRICAN FOOD INC.,1304 WESTON RD None M6M 4R5,10828772.0,
ABEY'S INDIAN CHINESE HAKKAH FUSION,118 John St None M5V 2E3,10800018.0,
ABRIELLE,355 King St W None M5V 1J6,10795275.0,
ACAI BRAZIL,2039 Yonge St None M4S 2A2,10787839.0,
ACKEE TREE DYNAMITE JAMAICAN JERK,205 Humber College Blvd None M9W 5L7,10845976.0,
ACROPOLIS GYRO CORNER,1004 Kingston Rd None M4E 1T2,10786265.0,
ADDA,3342 Danforth Ave Unit-01 M1L 1C8,10777981.0,
ADI BIRKRAMPUR SWEETS & FAST FOOD,2968 Danforth Ave None M4C 1M6,10825330.0,
ADOBO FRESH BURRITO,4205 Keele St Unit-19 M3J 3T8,10807407.0,
ADOBO FRESH BURRITOS,388 Richmond St W Unit-5A M5V 3P1,10841873.0,
AERA,8 Spadina Ave Unit-3800 M5V 2H6,10798337.0,
AGAK AGAK,253 GERRARD ST E None M5A 2G1,10854330.0,
AH SO,147 LAIRD DR None M4G 4K1,10832499.0,
AIFAM,102 Harbord St None M5S 1G6,10796992.0,
AKI DONBURI,793 Bathurst St None M5S 1Z5,10791821.0,
AKIN,51 Colborne St None M5E 1E3,10827462.0,
AKIVA'S FOOD,6243 Bathurst St None M2R 2A5,10803662.0,
AL CHILE,1165 ST CLAIR AVE W None M6E 1B2,10813966.0,
AL JOOD,998 Queen St W None M6J 1H1,10856082.0,
AL ZABIHA HALAL MEAT,2657 Islington Ave None M9V 2X6,10774436.0,
ALEBRIJE,119 Harbord St None M5S 1G7,10856507.0,
ALERIA,1070 Queen St W None M6J 1H8,10789406.0,
ALEX FARM,1965 QUEEN ST E None M4L 1H9,10825560.0,
ALFORAT IRAQI STREET FOOD,271 Yonge St None M5B 1N8,10848821.0,
ALHAMADANI FOOD,4403 Kingston Rd Unit-101 M1E 2N2,10830084.0,
ALI BABA'S,682 Queen St E None M4M 1G9,10775308.0,
ALINE NASSEH ARTISAN CHOCOLATES,877 Alness St Unit-22 M3J 2X3,10784548.0,
ALL SPICE JERK EXPRESS,275 Dundas St W None M5T 3K1,10801963.0,
ALLAN'S PASTRY SHOP,100 King St W Unit-CN0148 M5X 1K7,10778991.0,
ALMINZ KAKANIN,6464 Yonge St Unit-121A M2M 3X4,10835861.0,
ALOBAR,150 York St None M5H 3S5,10781551.0,
ALOETTE,81 Bay St None M5E 1Z8,10813319.0,
ALOETTE GO,2362 Yonge St None M4P 2E6,10789400.0,
ALOETTE GO,81 Bay St None M5E 1Z8,10811829.0,
AMA KO MOMO,1228 King St W None M6K 1G4,10808189.0,
AMADEUS PATISSERIE,1235 Bay St None M5R 3K4,10829426.0,
AMAYA REAL INDIAN FOOD,1800 Sheppard Ave E Unit-F015 M2J 5A7,10854564.0,
AMEG,152 Augusta Ave Unit-A M5T 2L5,10836455.0,
AMELIE'S CHOCOLATE & PATISSERIE,74 Crockford Blvd Unit-3 M1R 3C3,10840086.0,
AMI NO,755 Dundas St W Unit-B M6J 1T9,10813742.0,
AMIRTHAM TAKE-OUT,1265 Morningside Ave Unit-106 M1B 3V9,10804125.0,
AMMI'S,1760 Lawrence Ave E None M1R 2Y1,10835959.0,
AMO'S,2014 QUEEN ST E None M4L 1J3,10807308.0,
AN JI FOOD,285 Milliken Blvd Unit-22 M1V 3H4,10820875.0,
ANA'S HOT SPOT,5928 Finch Ave E Unit-105 M1B 5P8,10836817.0,
AND/ORE,1040 QUEEN ST W None M6J 1H7,10797737.0,
ANGARA INDIAN AND HAKKA DOWNTOWN,536 Queen St W Unit-536 M5V 2B5,10803754.0,
ANIML STEAKHOUSE & COCKTAIL DEN,420 Wellington St W Unit-A M5V 1E3,10830462.0,
ANNALAKSHMI,"250 ALTON TOWERS CRCL, Unit-C8 None M1V 3Z4",10835866.0,
ANNE'S CONFECTIONS,"320 DAVENPORT RD, Unit-200 None M5R 1K6",10837818.0,
ANTYLIA,1059 Bloor St W None M6H 1M5,10855619.0,
AO CAKE,"3272 MIDLAND AVE, Unit-B-126 None M1V 0C7",10793734.0,
AO CAKE,678E Sheppard Ave E None M2K 1B7,10845845.0,
APT200,1032 Queen St W Flr-2 M6J 1H7,10797927.0,
APULIA GASTRONOMIA,2400 Bloor St W None M6S 1P5,10847782.0,
ARABICA CANADA (EATONS),220 Yonge St Unit-1158B M5B 2H1,10830652.0,
ARIETE E TORO,12 Keewatin Ave None M4P 1Z8,10844551.0,
ARISTOS SOUVLAKI & GYROS,265 Queen St W None M5V 1Z4,10775333.0,
AROMAZ CAKE & PASTRY,390 Silver Star Blvd Unit-131 M1V 0G5,10783579.0,
ASEER TIME,2062 Lawrence Ave E Unit-2062 M1R 2Z5,10861778.0,
ASSEMBLY CHEF'S HALL - OSTERIA SCOSSA,111 Richmond St W None M5H 2G4,10788300.0,
ASTERS PATISSERIE,181 Bay St Unit-C370 M5J 2T3,10857371.0,
ATELIER PASTA,165 Bathurst St Unit-167 M5V 3C2,10813075.0,
ATI PASTRY,2755 Lake Shore Blvd W Unit-D M8V 1H2,10853455.0,
AU PAIN DORE,5650 Yonge St Unit-002 M2M 4G3,10781016.0,
AU PAIN DORE,25 The West Mall Unit-1195A M9C 1B8,10789322.0,
AU PAIN DORE,20 Adelaide St E Unit-101 M5C 2T6,10798047.0,
AU PAIN DORE,875 Bay St Bldg-3 M5S 3K6,10820110.0,
AUGUST 8 EGLINTON,10 Lebovic Ave Unit-8 M1L 4V9,10795667.0,
AUTHENTIC DHAKAIYA TASTE,41 Lebovic Ave Unit-A122 None,10840015.0,
AVANT,"1 BLOOR ST E, Unit-1A None M4W 1A9",10851516.0,
AYOKA-ADE AFRICAN DELICACIES,1009 Albion Rd None M9V 1A6,10830821.0,
AZUL,100 King St W Bldg-0118 M5X 1K7,10805736.0,
AZUL,65 Front St W None M5J 1E6,10825916.0,
AZURA,162 Danforth Ave None M4K 1N1,10808600.0,
BA NOI,806 Bloor St W None M6G 1L9,10774588.0,
BABEL FINE FOODS,6620 Finch Ave W Unit-10 M9V 5H7,10856095.0,
BAD EGG,294 Richmond St E Unit-102 M5A 1P5,10815162.0,
BAGELS ON FIRE,486 Front St W Unit-WM54 M5V 0V2,10809094.0,
BAHN MI VINA,1231 Dundas St W None M6J 1X6,10809990.0,
BANYAN SOUTHERN CHINESE FOOD,5 Northtown Way Unit-11 M2N 7A1,10859324.0,
BAO HOUSE,5336 Yonge St None M2N 5P9,10803446.0,
BAOZI KE,4400 Sheppard Ave E Unit-13 M1S 5J5,10779169.0,
BARBURRITO,1530 Albion Rd Unit-96A M9V 1B4,10864062.0,
BARBURRITO,2261 Islington Ave Unit-103 M9W 3W6,10851393.0,
BARBURRITO,4918 Yonge St None M2N 5N5,10847043.0,
BARBURRITO,200 Elizabeth St Bldg-1 M5G 2C4,10835449.0,
BARBURRITO,419 Yonge St Ste-419 M5B 1T1,10827234.0,
BARBURRITO,1684 Danforth Ave None M4C 1H6,10822326.0,
BARBURRITO,700 Lawrence Ave W Unit-230 M6A 3B4,10806153.0,
BARBURRITO,2435 Kingston Rd None M1N 1V4,10772351.0,
BARISTA,200 Bloor St E None M4W 1E5,10805045.0,
BARONESS,287 College St None M5T 1S2,10826039.0,
BASS LOUNGE,91 Rylander Blvd Unit-1001A M1B 5M5,10847911.0,
BAZHEN HOTPOT,3355 Steeles Ave E Unit 1-3 M2H 0A7,10723817.0,
BEAM'S,1973 QUEEN ST E None M4L 1H9,10848702.0,
BELLA NAPOLI CUCINA ITALIANA,"557 Dixon Rd 111, 112, 113 M9W 6K1",10780043.0,
BELLE ISLE,1455 Gerrard St E None M4L 1Z9,10825006.0,
BELLY BUSTER SUBMARINES,380 BLOOR ST W None M5S 1X2,10774855.0,
BELLY BUSTER SUBMARINES,1121 CASTLEFIELD AVE None M6B 1E8,10809790.0,
BEP VIET,738 Gerrard St E None M4M 1Y3,10823188.0,
BERGAMOS BY BRY FOODS,806 COLLEGE ST None M6G 1C8,10844733.0,
BHK ROLL,444 Yonge St Bldg-1 M5B 2H4,10809235.0,
BIG MAO,5519 Yonge St None M2N 5S3,10840978.0,
BIGBELLY GREEK STREET FOOD,3111 Dufferin St Unit-107 M6A 2S7,10821539.0,
BLANCO CANTINA,384 Bloor St W None M5S 1X2,10831249.0,
BLESSING AFRICAN FOOD,1007 Albion Rd None M9V 1A6,10813388.0,
BLOOMING SPICE FISH HOUSE,325 Bamburgh Crcl Unit-A106 M1W 3Y1,10833866.0,
BLU RISTORANTE & LOUNGE,214 King St W None M5H 3S6,10849368.0,
BOCA BRUNCH,488 Cosburn Ave None M4J 2N5,10797543.0,
BOCCACIO RISTORANTE ITALIANO,901 Lawrence Ave W None M6A 1C3,10781804.0,
BOMBA GELATO,93 Front St E None M5E 1C3,10792526.0,
BOMOU,1075 Yonge St None M4W 2L2,10810124.0,
BONJUK,4841 Yonge St Unit-119 M2N 5X2,10833041.0,
BOVINE WINE LOUNGE,65 Front St W None M5J 1E6,10832716.0,
BOXCAR SOCIAL,505 Richmond St W Unit-3 M5V 1Y3,10816100.0,
BOXCAR SOCIAL,1208 Yonge St None M4T 1W1,10830279.0,
BREWNTO,1020 ST CLAIR AVE W None M6E 1A4,10850821.0,
BRGR BARN,1075 Martin Grove Rd None M9W 4W6,10792323.0,
BRICKHOUSE WAFFLE,"641 BAY ST, Unit-2 None M5G 1M7",10855868.0,
BROKEN RICE,613 Yonge St None M4Y 1Z5,10858587.0,
BROWN DONKATSU,487 Bloor St W None M5S 1Y2,10842467.0,
BUDDHA BELLY,200 Front St W Unit-F008 M5V 3K2,10793209.0,
BUONO RISTORANTE,1566 Bayview Ave None M4G 3B7,10776596.0,
BURRITO BOYS,572 Rogers Rd None M6M 1B6,10812788.0,
BURRITO BOYZ,811 Yonge St None M4W 2G9,10830628.0,
BURRITO BOYZ,335 YONGE ST None M5B 1R7,10863092.0,
BURRITO BOYZ,489 Queen St W None M5V 2B4,10844001.0,
BURRITO BOYZ,3803 Lake Shore Blvd W None M8W 1R2,10784423.0,
BURRITO HOUZ,10 Mallard Rd Unit-C112 M3B 0A7,10789915.0,
CAFFE DEMETRES,2962 Bloor St W None M8X 1B7,10828467.0,
CAFFE TAZZA,11 Tippett Rd Unit-19 M3H 2V1,10844579.0,
CAFFE'IN,252 Bloor St W None M5S 1V5,10841286.0,
CAFFE'IN,100 St George St None M5S 3G3,10819855.0,
CAFFEO,405 RICHMOND ST W None M5V 1X3,10858728.0,
CAKETORONTO,"2727 STEELES AVE W, Unit-101 None M3J 3G9",10827225.0,
CALII LOVE,65 Queen St W None M5H 2M5,10852737.0,
CAPRAE & SUIDAE,3359 YONGE ST None M4N 2M6,10846145.0,
CAPTAIN AZZA,3300 Bloor St W Unit-FC4 M8X 2X3,10778996.0,
CAPTAIN NEON,220 Yonge St None M5B 2H1,10808117.0,
CAPYBARA,2323 Bloor St W Unit-105 M6S 4W1,10846464.0,
CARIBBEAN ESSENCE,"750 OAKDALE RD, Unit-1 None M3N 2Z4",10838488.0,
CARIBBEAN HOTPOT,"1 EGLINTON SQ, Unit-143 None M1L 2K1",10802704.0,
CARIBBEAN QUEEN FINE DINING & TAKE-OUT,10 Bradstock Rd None M9M 1M8,10843582.0,
CARIBBEAN QUEEN JERK,2079 Lawrence Ave W None M9N 1H7,10808541.0,
CHA CHENG TEALATO,56 Wellesley St W None M5S 2S3,10856045.0,
CHA MIAO,5373 Yonge St None M2N 5R6,10794937.0,
CHAI  SAMOSA & CHAAT,1291 Gerrard St E None M4L 1Y8,10831243.0,
CHAINSMOKER URBAN HALAL BARBECUE,1892 Lawrence Ave E None M1R 2Y5,10832691.0,
CHAMPION DONER,3300 Keele St None None,10793213.0,
CHAPAYON,4909 Yonge St Unit-B M2N 5N4,10857694.0,
CHARMAINE SWEETS,939 Eglinton Ave E None M4G 4E8,10845228.0,
CHATIME BLOOR,341 Bloor St W None M5S 1W8,10808960.0,
CHATOREY,69 Lebovic Ave Unit-B106 None,10835902.0,
CHATPATEY,41 Lebovic Ave Unit-A126 None,10844230.0,
CHEESYPLACE,2940 Bloor St W None M8X 1B6,10789936.0,
CHENGDU STREET FOOD,405 Dundas St W None M5T 1G6,10810127.0,
CHICHA SAN CHEN,112 Elizabeth St Unit-3 M5G 1P5,10815295.0,
CHICHOP,2352 Yonge St None M4P 2E6,10848769.0,
CHINESE AND VIETNAMESE FOOD,40 Carl Hall Rd Unit-E21 M3K 2C1,10839188.0,
CHINESE CRISPY BEEF PIE,"384 YONGE ST, Bsmt-53 None M5B 1S8",10800168.0,
CHINESE FLAVORS,554 Sheppard Ave W None M3H 2R9,10831784.0,
CHIT CHAAT,438 Horner Ave Unit-A M8W 2B3,10837241.0,
CHOCOLATE EH,"6464 YONGE ST, Unit-106K None M2M 3X4",10847458.0,
CHOJU,5210 YONGE ST None M2N 5P6,10807969.0,
CHUNG CHUN RICE DOG,372 Yonge St Bldg-2 M5B 1S6,10834226.0,
CHUNG'S CARIBBEAN,4205 Keele St Unit-7 M3J 3T8,10850797.0,
CHUNGCHUN RICE DOG,11 Byng Ave Unit-35 None,10856781.0,
CHUNGCHUN RICE DOG WELLESLEY,582 Yonge St None M4Y 1Z3,10806622.0,
CITIZEN PAAN MAHAL,4820 Sheppard Ave E Unit-21 M1S 5M8,10796919.0,
CIVIL WORKS,505 Richmond St W Unit-R3U M5V 1Y3,10821187.0,
CKTL & CO.,330 Bay St Unit-100 M5H 2S8,10776659.0,
COAST TO COAST SEAFOOD,760 COLLEGE ST None M6G 1C4,10846853.0,
COMMA,490 Queen St W None M5V 2B3,10792791.0,
COMPTON AVE,1282 DUNDAS ST W None M6J 1X7,10806871.0,
CONG CAPHE,424 Bloor St W None M5S 1X5,10796997.0,
CONTEAGO,1365 Wilson Ave None M3M 1H7,10859435.0,
CORAL RESTOBAR,1375 Danforth Rd Unit-11-12 M1J 1G7,10832604.0,
CORDUROY,1012 Queen St E None M4M 1K1,10862769.0,
CRANZ EMPANADAS,3588 Dufferin St None M3K 1N1,10854324.0,
CREPE DELICIOUS,220 Yonge St Unit-F016 M5B 2H1,10793941.0,
CREPE DELICIOUS,2641 LAWRENCE AVE E None M1P 22,10822780.0,
CRUDO,1451 Royal York Rd Unit-102 M9P 3B2,10798657.0,
CSK (CHAAT. SHAKES. KATHI),208 Queens Quay  W None M5J 2Y5,10854273.0,
CU TTEOKBOKKI,5369 Yonge St None M2N 5R6,10808191.0,
CUCKOO CAKERY,49 Merchants Wharf None M5A 0R6,10792788.0,
CUPCAKE PARADISE,15 St Clair Ave W None M4V 1K6,10844395.0,
CUPCAKECENTRAL.CA,486 Front St W None M5V 0V2,10862391.0,
D'AMO,1275 Morningside Ave Unit-5 M1B 3W1,10847701.0,
DADA GIMBAP,364 Huron St None M5S 2G4,10860272.0,
DAHU HOTPOT,47 Baldwin St None M5T 1L1,10798292.0,
DALDONGNAE 12,361 Yonge St None M5B 1S1,10838716.0,
DAMDA,659 Bloor St W None M6G 1L1,10773675.0,
DANISH PASTRY HOUSE,1090 Don Mills Rd None M3C 3R6,10778713.0,
DANISH PASTRY HOUSE,40 King St W None M5H 3Y2,10781385.0,
DANISH PASTRY HOUSE,399 Bathurst St None M5T 2S8,10809699.0,
DAPHNE,67 Richmond St W None M5H 1Z5,10779326.0,
DARK HORSE ESPRESSO,55 Bloor St W None M4W 1A5,10800790.0,
DAVID ADJEY'S YORKIE BURRITO,55 MILL ST None M5A 3C4,10830353.0,
DELHI MOMOS,113 Bond St Bsmt-2 M5B 1Y2,10810857.0,
DELHIITES,717 1/2 Queen St E None M4M 1H1,10800099.0,
DELICIOUS TASTE,5415 Yonge St None M2N 5R6,10851256.0,
DESI FOOD JUNCTION,1051 Bloor St W None M6H 1M4,10853984.0,
DESI SPOT,"41 LEBOVIC AVE, Unit-A123 None None",10845844.0,
DEVON GOOD FOOD,2865 Jane St None M3N 2J5,10829790.0,
DHARMAYUG KATHIYAWADI FOOD,6923 Steeles Ave W Unit-4 M9W 6T6,10863609.0,
DHILLON'S KARAHI SPOT,1213 Bayview Ave None M4G 2Z8,10789302.0,
DIA,387 Bloor St E None M4W 1H7,10773002.0,
DIAMOND KABAB HOUSE,3238 Eglinton Ave E None M1J 2H6,10844553.0,
DICKSON BARBEQUE CENTRE,2958 BLOOR ST W None M8X 1B7,10789925.0,
DIRTY BIRRIAS,1610 QUEEN ST E None M4L 1G2,10816135.0,
DIVAS CREPE ON A STICK,1308 St Clair Ave W None M6E 1C1,10843534.0,
DOKKAEBI,1620 Bloor St W None M6P 1A7,10784681.0,
DOMINO'S,4207 Keele St Unit-3 M3J 3T8,10807081.0,
DOMINO'S,3245 Finch Ave E Unit-11 M1W 4C1,10829315.0,
DON DON IZAKAYA,130 Dundas St W Flr-2 M5G 1C3,10800370.0,
DONER PALACE,1322 Gerrard St E B M4L 1Z1,10811314.0,
DORAJI,486 Front St W Unit-WM 38 M5V 0V2,10806856.0,
DOSE LOUNGE LTD,1334 DANFORTH AVE None M4J 1M9,10863643.0,
DUBAIMO CHOCOLATES,1020 St Clair Ave W None M6E 1A4,10849128.0,
EGGSMART,2947 Bloor St W Unit-A M8X 1B8,10809746.0,
EGGY'S WAFFLES,3276 Midland Ave Unit-C125 M1V 0C8,10840719.0,
EHWA UPTOWN,4866 Yonge St None M2N 5N2,10786395.0,
EL INKA,21 St Clair Ave E Unit-100 M4T 1L9,10816740.0,
EL PALOMAR EMPANADAS AND GELATO,1357 St Clair Ave W None M6E 1C5,10820907.0,
ELEVEN NINETY-TWO,1192 QUEEN ST W None M6J 1J6,10800200.0,
ELYSIAN LOUNGE,134 Millwick Dr Unit-C M9L 1Y6,10853644.0,
ENCHANTED POUTINERIE,45 Abraham Welsh Rd Unit-B7 M9M 0G6,10830663.0,
ESPRO,2102 QUEEN ST E None M4E 1E2,10847979.0,
EUROPA CAFFE,1168 THE QUEENSWAY None M8Z 1R5,10844703.0,
FAMOUS WOK,200 Front St W Unit-F004 M5V 3K2,10828117.0,
FANGIO TRATTORIA,1111 Queen St E None M4M 1K7,10860270.0,
FAROOJ ABO ALABAD,2064 Lawrence Ave E Unit-2064 M1R 2Z5,10858218.0,
FAST FRESH FOODS,200 Front St W None M5V 3K2,10860839.0,
FAT BASTARD BURRITO,2008 Queen St E None M4L 1J3,10854321.0,
FAT BASTARD BURRITO,930 Bloor St W None M6H 1L4,10845627.0,
FAT BASTARD BURRITO,31 Rexdale Blvd Unit-3107 M9W 1P1,10808178.0,
FAT BASTARD BURRITO,2561 Victoria Park Ave None M1T 1A4,10817175.0,
FAT BASTARD BURRITO,"5085 SHEPPARD AVE E, Unit-15 None M1S 4N8",10779387.0,
FAT BASTARD BURRITO,"96 GERRARD ST E, Unit-3 None M5B 1G7",10771385.0,
FAT BASTARD BURRITO,1222 St Clair Ave W None M6E 1B4,10805957.0,
FAT BASTARD BURRITO CO,2538 Weston Rd None M9N 2A6,10859289.0,
FAT BASTARD BURRITO CO.,808 York Mills Rd None M3B 1X8,10777163.0,
FAT BASTARD BURRITO CO.,126 Atlantic Ave None M6K 1X9,10805311.0,
FAT BASTARD BURRITO CO.,2400 Bloor St W None M6S 1P5,10828968.0,
FIFTYLAN,"4750 YONGE ST, Unit-105 None M2N 5M6",10817626.0,
FIFTYLAN,311 Queen St W None M5V 2A4,10859916.0,
FINE ARTISANAL WINES & FOOD,226 Christie St None M6G 3B7,10792895.0,
FISH & CHICKS & CHIPS,1310 ST CLAIR AVE W None M6E 1C1,10853583.0,
FITCAKE,3367 Bloor St W None M8X 1G2,10853804.0,
FIYU FOOD TRUCK,44 ST GEORGE ST None M5S 2E4,10794644.0,
FLORETTE,1168 Queen St W None M6J 1J5,10779364.0,
FLORIN TRATTORIA,80 Richmond St W None M5H 2A4,10844989.0,
FOOD FOR NOW,2445 Lake Shore Blvd W None M8V 1C5,10852675.0,
FOOD HALL,1 Bridgepoint Dr None M4M 2B5,10772899.0,
FOOD MANTRA,3583 Lake Shore Blvd W None M8W 1P5,10795724.0,
FOREST HILL FARMHOUSE,1130 Queen St E None M4M 1L1,10802163.0,
FOREST HILL FARMHOUSE,2066 Yonge St Unit-2 M4S 2A3,10773973.0,
FOREVER YOUNG FOOD FUN PARTY,6600 Yonge St None M2M 3X4,10853115.0,
FORTUNE-KING HOTPOT,359 Spadina Ave None M5T 2G3,10807524.0,
FREDDY'S GREEK,148 Sumach St None M5A 0P9,10807178.0,
FRESH BURRITO,1085 Kingston Rd Unit-9 M1N 4E3,10776021.0,
FRESH BURRITO,3575 Sheppard Ave E None M1T 3K8,10811885.0,
FRIDA'S MEXI-CAKES,1694 Eglinton Ave W None M6E 2H5,10858659.0,
FU-PANDA MAO CAI,428 Dundas St W None M5T 1G7,10863431.0,
FUSETTES,407A Yonge St None M5B 1S9,10852002.0,
FUSHUN STONE POT,482 Dundas St W None M5T 1G9,10862001.0,
FUTURA GRANITA AND GELATO,964 ST CLAIR AVE W None M6E 1A1,10613268.0,
French Toast,196 Augusta Ave None M5T 2L6,10859224.0,
G FOR GELATO,102 Crockford Blvd Unit-2 M1R 3C3,10832177.0,
GAIMA RICE BOWL,5317 Yonge St None M2N 5R4,10860122.0,
GALA CANADA CAFE & VARIETY,2083 Lawrence Ave W None M9N 1H7,10851247.0,
GAMTHI AUTHENTIC DESI FOOD,1555 O'Connor Dr None M4B 2V7,10862003.0,
GATEAU GHOST,974 College St None M6H 1A5,10810060.0,
GELATO ON THE DANNY,1980 DANFORTH AVE None M4C 1J6,10844965.0,
GEORGE THE GREEK,3575 Lake Shore Blvd W None M8W 1P5,9032401.0,
GHEE SYMPHONY,545 KEELE ST None M6N 3E4,10842653.0,
GIANNI'S GELATO,241 Queen St W None M5V 1Z4,10821895.0,
GIGLI CAFFE,399 Jane St None M6S 3Z6,10772858.0,
GIL'S FISH & CHIPPERIE,220 Yonge St None M5B 2H1,10807995.0,
GIMBAP SHOP,11 Spring Garden Ave None M2N 3G1,10815042.0,
GIRAGI,486 Front St W None M5V 0V2,10853978.0,
GOLDEN HORSESHOE BARBECUE,657 Dupont St None M6G 1Z4,10856747.0,
GONG CHA,1918 QUEEN ST E None M4L 1H5,10773676.0,
GOOD MORNING FRIENDS,5050 Dufferin St Unit-124 M3H 5T5,10793047.0,
GRAINATION,204 Spadina Ave Unit-BSMT M5T 2C2,10799446.0,
GRAND BARGAIN JUNCTION GARDENS,2938 DUNDAS ST W None M6P 1Y8,10841680.0,
GRANDMA LOVES YOU,40 St Clair Ave W Unit-101 M4V 1M2,10810566.0,
GRAPE WITCHES,497 Richmond St W Unit-R2 None,10830256.0,
GREEK FREAK,424 Wilson Ave None M3H 1S9,10821693.0,
GREEK MANSION,5651 Steeles Ave E Unit-10 M1V 5P6,10808961.0,
GREEK THEATRE (GUILD PARK AND GARDEN),201 GUILDWOOD PKWY None M1E 1P6,10852348.0,
GREELZ ON BLOOR,2100 Bloor St W Unit-5 M6S 5A5,10852005.0,
GREEN BOX EXPRESS,180 Queen St W Unit-101 M5V 1Z1,10832361.0,
GULLY,521 Bloor St W None M5S 1Y4,10775830.0,
GUSTO GELATO,2919 Dufferin St None M6B 3S7,10818794.0,
GYUKI,388 Queen St W Unit-388 M5V 2A6,10803450.0,
HABIBZ CORNER,578 Queen St W None M5V 2B5,10842611.0,
HABIBZ CORNER FUSION STREET FOOD,1806 Jane St None M9N 2T3,10802025.0,
HADRIEN PATISSERIE,709 The Queensway None M8Y 1L2,10809972.0,
HAKKA DYNASTY,2141 Kipling Ave Bldg-10A M9W 4K8,10860750.0,
HAKKA PALACE,62 Overlea Blvd Unit-8 M4H 1C4,10830672.0,
HAKKA PAVILION,31 Tapscott Rd Unit-T58A M1B 4Y7,10849496.0,
HAKKA RISE AND MOMO HUB,"4286 KINGSTON RD, Unit-5 None M1E 2M8",10793445.0,
HAKKA WOK HEI,371 Roncesvalles Ave None M6R 2M8,10813342.0,
HAKKALAND,4549 Kingston Rd Unit-A M1E 2P1,10811313.0,
HAKU IZAKAYA,168 Major St None M5S 2L3,10863749.0,
HALAL MEALS,103 Manville Rd None M1L 4H9,10805205.0,
HALIBUT HOUSE FISH & CHIPS,2814 Lake Shore Blvd W Unit-1 M8V 1H7,10819640.0,
HALIBUT HOUSE FISH AND CHIPS,2151 St Clair Ave W Unit-103 M6N 1K5,10803249.0,
HAMOV FINE FOOD,3350 DUFFERIN ST None M6A 3A4,10758001.0,
HAN BA TANG,4862 YONGE ST None M2N 5N2,10830120.0,
HAN KKI,1170 Queen St W None M6J 1J5,10841536.0,
HAPPY TANGLE,220 Yonge St None M5B 2H1,10807997.0,
HAVEN BREWS,222 Finch Ave W Unit-101-102 M2R 1M6,10813971.0,
HAZUKIDO,"1800 SHEPPARD AVE E, Unit-CRU 1096 None M2J 5A7",10806788.0,
HEART BROKEN CANTINA,1635 Lawrence Ave W Unit-8 M6L 3C9,10849686.0,
HEAVEN FINE FOODS,30 Baywood Rd Unit-12 M9V 3Z2,10845511.0,
HERO DUMPLING,437 YONGE ST None M5B 1T3,10857541.0,
HES LOUNGE,550 Queens Quay  W Unit-12 M5V 3M8,10801800.0,
HEYTEA TORONTO,505 Yonge St Unit-6 M4Y 1Y3,10836046.0,
HI BOWL,517 Yonge St Unit-2 M4Y 1Y3,10853823.0,
HIGH PARK ESPRESSO,2133 Bloor St W None M6S 1N2,10820097.0,
HIGHLAND MOMO,2267 Islington Ave None M9W 3W7,10850055.0,
HIMALAYANMOMO HOUSE,2655 YONGE ST None M4P 2J6,10813413.0,
HOMETOWN ROAD,66 Wellington St W Unit-0063C M5X 1H6,10808684.0,
HONEY CHINESE (PORTLAND SQUARE - 3rd FL.),600 King St W None M5V 1M3,10857880.0,
HOOKY'S FISH & CHIPS,486 Front St W Unit-WM M5V 0V2,10808555.0,
HOUSE OF MOSES,168 BALDWIN ST None M5T 1L8,10861944.0,
HOYRA,1566 Bloor St W None M6P 1A4,10814710.0,
HSU'S SEAFOOD,41-43 Baldwin St None M5T 1L1,10839677.0,
HUA HIN THAI FOOD,383 Jane St None M6S 3Z3,10854003.0,
HUY-KY,1046 Gerrard St E None M4M 1Z8,10799742.0,
HYDERABADI WRAPS,40 ST GEORGE ST None M5S 2E4,10787686.0,
I AM DONER,"4841 YONGE ST, Unit-200 None M2N 5X2",10832168.0,
IBUND,5457 Yonge St None M2N 5S1,10856897.0,
ICE FLAME,8130 Sheppard Ave E Unit-104 M1B 3W3,10829436.0,
IM MOCHI,677 Queen St W None M6J 1E6,10813608.0,
INDIA WAALE DESI STREET FOOD,3040 Don Mills Rd Unit-B M2J 3C1,10820682.0,
INDIAN PAKWAN,2646 Islington Ave None M9V 2X5,10815671.0,
INDIAN STREET FOOD CO,50 Brant St None M5V 3G9,10853351.0,
INDIAN STREET FOOD CO,1701 Bayview Ave None M4G 3C1,10842460.0,
ISLAND FOODS,8 Gladstone Ave None M6J 3K6,10787967.0,
ISLAND OYSTERS,1165 Bloor St W None M6H 1M9,10772678.0,
ISLAND OYSTERS,499 Richmond St W Unit-K6 None,10816818.0,
ISSHO,583 Gerrard St E None M4M 1Y2,10790214.0,
J'S STEAKFRITES,577 COLLEGE ST None M6G 1B2,10821268.0,
JACKIES CREATIVE CAKES,3601 Lawrence Ave E Unit-7 M1G 1P5,10862108.0,
JACOBS & CO. STEAKHOUSE,81 Bay St Flr-4 M5E 1Z8,10838576.0,
JAFFNA STREET FOOD,275 Dundas St W None M5T 3K1,10819338.0,
JAMAICAN SPIKED PATTIES,8 MERCER ST None M5V 0C4,10838558.0,
JAMIL'S,1086 Queen St W None M6J 1H8,10842394.0,
JANGTEO GUKBAP,5433 Yonge St None M2N 5R6,10830984.0,
JAPADOG,486 Front St W Unit-WM24 M5V 0V2,10808196.0,
JAPANESE FAST FOOD YA (NOBUYA),285 Royal York Rd None M8V 2W1,10802738.0,
JC FASTFOOD,111 Rylander Blvd None M1B 4X3,10844822.0,
JERK KING,2300 Yonge St Unit-S120 M4P 1E4,10843188.0,
JINGLE BITES & BREWS - DWV 2025,55 Mill St None M5A 3C4,10829992.0,
JOHN ANDERSON CHARCOAL BROILED HAMBURGERS,2832 Victoria Park Ave None M2J 4A8,10814726.0,
JP PANIPURI,2687 Kipling Ave Unit-10A M9V 5G6,10863432.0,
JUGOS Y ANTONIO'S DE MI PUEBLO,2111 Jane St Unit-12 M3M 1A2,10849276.0,
JULIENNE'S PATISSERIE,2195 Gerrard St E None M4E 2C6,10782539.0,
JUNCTION FOOD CO.,545 KEELE ST None M6N 3E4,10795248.0,
KADAK,2088 Yonge St None M4S 2A3,10804041.0,
KAJIKEN NORTH YORK,4850 Yonge St None M2N 5N2,10858217.0,
KALYUG,885 Dundas St W Unit-885 M6J 1V9,10818379.0,
KANOM,275 Dundas St W Unit-28B M5T 3K1,10796526.0,
KANTO BY TITA FLIPS,5210 YONGE ST None M2N 5P6,10807977.0,
KAO KANG BY KHO LIPE,486 Front St W None M5V 0V2,10849634.0,
KARACHI KABAB WALA,463 Queen St W None M5V 2A9,10845204.0,
KARACHI XPRESS,69 Lebovic Ave Unit-D111-112 None,10810420.0,
KARAHI POINT,25 The West Mall Unit-F002 M9C 1B8,10840809.0,
KARAHI POINT,2642 Islington Ave Bldg-- M9V 2X5,10852525.0,
KARAHI POINT EXPRESS,736 Bay St Bldg-1 M5G 2M4,10838272.0,
KARNAVATI STREET FOOD & TIFFIN SERVICE,3863 Lawrence Ave E None M1G 1R2,10786522.0,
KEZY DONER,109 Mc Caul St Unit-36 M5T 3K5,10816903.0,
KIBO FOOD STATION,24 Martin Ross Ave Unit-4 M3J 2K8,10817293.0,
KIMBAP KARAH ON,"5418 YONGE ST, Unit-18 None M2N 6X4",10821011.0,
KING OF PUNJABI TADKA,1275 Morningside Ave Unit-10 M1B 3W1,10784332.0,
KINGSTON 12 PATTY SHOP,1635 DUNDAS ST W None M6K 1V2,10818445.0,
KINGSTON 12 PATTY SHOP,1808 Eglinton Ave W None M6E 2H6,10794946.0,
KOH LIPE,33 Baldwin St None M5T 1L1,10809596.0,
KOKO'S TIFFIN,2501 Finch Ave W None M9M 2G1,10864089.0,
KOTTU KADAI,3351 Markham Rd Unit-111 M1X 0A6,10848478.0,
KOZ BINGOL EXPRESS,655 Queen St W None M6J 1E6,10825731.0,
KREAM,526 Yonge St Bldg-1 M4Y 1X9,10780628.0,
KUNAFA'S CHOCOLATE INC,133 Manville Rd Unit-22 M1L 4J7,10827345.0,
KUSINERO DE PANADERIA,883 Eglinton Ave W None M6C 2C1,10787029.0,
KUYA DON LOMI BATANGAS,3645 Bathurst St Unit-1 M6A 2E4,10823051.0,
Khalifa Kabab & Karahi,235 Dixon Rd Unit-1 M9P 2M5,10778995.0,
LA BOTANA MEXICANA,"3111 DUFFERIN ST, Unit-101 None M6A 2S7",10805469.0,
LA CANTINA DEL PUEBLO LOUNGE,9 Milvan Dr Bldg-5 M9L 1Y9,10780175.0,
LA CUBANA,486 Front St W Unit-WM35 M5V 0V2,10808199.0,
LA LUNA PANADERIA,1650 Jane St Unit-1 M9N 2R8,10798263.0,
LA NAYARITA,930 Queen St W None M6J 1G6,10795874.0,
LA POZOLERIA MEXICANA,1896 Jane St None M9N 2T8,10817356.0,
LA UNICA PANADERIA MEXICANA,850 Wilson Ave None M3K 1E5,10799148.0,
LA UNICA PANDERIA MEXICANA,4 Bradstock Rd None M9M 1M8,10840035.0,
LAHORE TIKKA HOUSE,1365 Gerrard St E None M4L 1Z3,10825558.0,
LAILA'S CHEESECAKE CO,855 Browns Line None M8W 3V7,10863772.0,
LALA'S CANTINA,220 Yonge St None M5B 2H1,10808112.0,
LAMOCHI SWEETS,3580 Mcnicoll Ave None M1V 5G2,10849625.0,
LARB MUANG,45 Baldwin St None M5T 1L1,10840434.0,
LAS MUNS,28 Bathurst St Unit-1-112 None,10855643.0,
LAZY BARISTA,155 Queens Quay  E Unit-1 M5A 0W4,10797119.0,
LAZY DAISY FOODS,388 CARLAW AVE None M4M 2T4,10840310.0,
LE BEAU BOULANGERIE,131 Mill St None M5A 2Z8,10831676.0,
LE PETIT CORNICHON,220 Yonge St None M5B 2H1,10808115.0,
LEBANESE EXPRESS,140 St George St None M5S 3G6,10857064.0,
LEE KEE DUMPLING HOUSE,15 Northtown Way None M2N 7A2,10855499.0,
LEE YAKINIKU,5330 Yonge St None M2N 5P9,10817727.0,
LEGACY LOUNGE,901 Jane St None M6N 4C6,10824006.0,
LEMON LILY,"747 QUEEN ST E, Unit-102 None M4M 1H3",10809658.0,
LIBRETTO,220 Yonge St None M5B 2H1,10808116.0,
LILI,486 Front St W Unit-9 M5V 0V2,10859247.0,
LILIANA,1198 Queen St W None M6J 1J6,10859425.0,
LIMON MIDTOWN,3265 Yonge St None M4N 2L5,10844491.0,
LIN XIANG NING,"5418 YONGE ST, Unit-19 None M2N 6X4",10792473.0,
LITTLE ESE,875 Queen St W None M6J 1G5,10846675.0,
LITTLE MOO,1400 QUEEN ST E None M4L 1C9,10790503.0,
LOLA ASTY,4403 Kingston Rd Unit-102 M1E 2N2,10861444.0,
LONCH-TIME,1275 Bloor St W Bldg-- M6H 1N7,10860292.0,
LOS GYROS,500 Queen St E None M5A 1T7,10835980.0,
LOST IN TOKYO PARFAIT SHOP,636 Queen St W None M6J 1E4,10848121.0,
LUCIE,100 Yonge St Unit-100 M5C 2W1,10788886.0,
LUCKY DONKATSU,"415 YONGE ST, Bldg-- None M5B 2E7",10800334.0,
LUNA'S  KABAB WRAPS,1355 GERRARD ST E None M4L 1Y8,10812364.0,
M CHABAR,491 Bloor St W None M5S 1Y2,10849794.0,
M SQUARE CAKE,652 Yonge St None M4Y 2A6,10844947.0,
MA BELLE,2131 Lawrence Ave E Unit-101 M1R 5G4,10835251.0,
MAAYA / MIA,244 Adelaide St W None M5H 1X6,10820277.0,
MAC'S SUSHI,"900 DUFFERIN ST, Unit-4016 None M6H 4A9",10782092.0,
MAD RADISH,4 King St W Unit-102 M5H 1B6,10804711.0,
MADAME GATEAUX,2034 DANFORTH AVE None M4C 1J6,10824846.0,
MADE IN JAPAN TERIYAKI EXPERIENCE,861 York Mills Rd Unit-6 M3B 1Y2,10834228.0,
MADO,144 Yonge St None M5C 1X6,10773179.0,
MANDY'S,480 Front St W Unit-UG05 M5V 0V5,10803248.0,
MANDY'S,110 Bloor St W Unit-5B M5S 2W7,10819138.0,
MANDY'S,2670 Yonge St None M4P 2J5,10862314.0,
MANGO RAIN,3308 Lake Shore Blvd W Unit-3 M8V 1M4,10775729.0,
MANITA ROSEDALE,1164 Yonge St None M4W 2L9,10823894.0,
MAPO POCHA,680 BLOOR ST W None M6G 1L2,10798455.0,
MARQUIN,100 King St W Unit-CN0159 M5X 1K7,10798613.0,
MARRY ME MOCHI,220 Yonge St Unit-H023 M5B 2H1,10847689.0,
MARS VILLAGE FOOD,510 Yonge St Bldg-1 M4Y 1X9,10814773.0,
MARVELOUS BY FRED,2190 Bloor St W None M6S 1N3,10841143.0,
MASTER POT,280 Spadina Ave Unit-C M5T 3A5,10796596.0,
MATCHA HAUS,324 BATHURST ST None M5T 2S3,10847789.0,
MATCHA HAUS,890 Queen St E None M4M 1J3,10863812.0,
MATCHA MATCHA,294 DUNDAS ST W None M5T 1G2,10861407.0,
MATCHA YUZU,"390 SILVER STAR BLVD, Unit-166 None M1V 0G5",10820838.0,
MATCHATIME,1104 WILSON AVE None M3M 1G7,10805795.0,
MATSUTEI SUKIYAKI,438 Dundas St W None M5T 1G7,10809170.0,
MAYFLOWER CHINESE FOOD,1500 Royal York Rd None M9P 3B6,10799002.0,
MCCAFE,65 Front St W None M5J 1E6,10788498.0,
MEAL QUEEN,130 St George St None M5S 1A5,10837875.0,
MEAN POUTINE,4841 Yonge St Unit-204 M2N 5X2,10822672.0,
MEAT ON MILLIKEN,23 Milliken Blvd Unit-B5 M1V 5H7,10806868.0,
MEATAA SEVEN,5285 Yonge St Flr-2 M2N 5R3,10805793.0,
MELLIS CHOCOLATE,"5418 YONGE ST, Unit-10 None M2N 6X4",10826193.0,
MELTWICH,4525 Kingston Rd Unit-H9 M1E 2P1,10780121.0,
MENICURE +,3391 YONGE ST None M4N 2M8,10841008.0,
MERCURY ESPRESSO,465 King St E None M5A 1L6,10801209.0,
MERLOT,2994 Bloor St W None M8X 1C2,10783556.0,
MEVAME EAT MEDITERRANEAN,2 Alexander St Bldg-- M4Y 0J2,10811542.0,
MEXHICO,26 Baldwin St None M5T 1L2,10803120.0,
MEZCALERO & TAPAS,509 Bloor St W Unit-UPPER M5S 1Y2,10786183.0,
MEZZA NOTTE TRATTORIA,3169 Dufferin St None M6A 2S9,10779711.0,
MHEL,1059 Bloor St W None M6H 1M5,10786983.0,
MIELUNA,483 Bay St Unit-110S M5G 2C9,10847672.0,
MIZNON,65 Front St W Unit-400B M5J 1E6,10835946.0,
MOMO & BAO,5210 Yonge St None M2N 5P6,10807958.0,
MOMO CORNER,161 Baldwin St Unit-6 M5T 1L9,10808424.0,
MOMO GHAR - TABI,568 PARLIAMENT ST None M4X 1P8,10771305.0,
MOMO GHAR WEST,2392 Bloor St W None M6S 1P5,10810293.0,
MOMO HUT,"41 LEBOVIC AVE, Unit-A118 None None",10811575.0,
MOMO LOCO,"15 MERCHANTS WHARF, Unit-3 None M5A 0N8",10823015.0,
MOMO MOJO,2772 Dundas St W None M6P 1Y3,10843439.0,
MOMO2GO,41 Lebovic Ave Unit-A106 None,10837821.0,
MOMOBOYZ,1748 Lawrence Ave E None M1R 2Y1,10821990.0,
MOMOHEART@675,675 LANSDOWNE AVE None M6H 3Y9,10813042.0,
MOMTAZZ KABOB,330 Front St W Bldg-102 M5V 3B7,10850869.0,
MORE GELATO & CAFFE,392 Pacific Ave None M6P 2R1,10859377.0,
MOSS PARK ESPRESSO,185 Queen St E None M5A 1S2,10778736.0,
MOTTO TORONTO,764 Queen St W None M6J 1E9,10862114.0,
MR FISH DOWNTOWN,333 Spadina Ave None M5T 2E9,10840188.0,
MR JERK,1365 Lawrence Ave W None M6L 1A4,10774846.0,
MR SOUVLAKI,148 North Queen St Unit-1 M9C 1A8,10843316.0,
MR SUB,438 University Ave Unit-105 M5G 2K8,10795069.0,
MR SUB,55 Eglinton Sq Unit-112 M1L 2K1,10838578.0,
MR. GREEK,4914 YONGE ST None M2N 5N5,10823150.0,
MR. GREEK,"6015 STEELES AVE E, Unit-6-7 None None",10800724.0,
MR. MANGO,40 King St W None M5H 3Y2,10815037.0,
MR. PANG,5418 Yonge St Unit-17 M2N 6X4,10843163.0,
MR. PRETZELS,1 Dundas St W Unit-D101A M5G 1Z3,10849650.0,
MR. PUFFS,808 York Mills Rd Unit-9 M3B 1X8,10838394.0,
MR. SUB,2050 Victoria Park Ave Unit-A M1R 1V2,10781013.0,
MR. SUB,3885 Keele St None M3J 1N6,10860139.0,
MR.GREEK,2061 Steeles Ave W Bldg-2 M3J 3N3,10845978.0,
MR.SUB,3741 Lawrence Ave E None M1G 1P7,10842200.0,
MUSOSHIN WATERWORKS,499 Richmond St W Unit-K2 None,10815959.0,
MY GREEK TABLE,454 Eglinton Ave W None M5N 1A5,10859147.0,
MYMYCHICKEN TOWN CENTER,300 Borough Dr Unit-FC13 M1P 4P5,10841129.0,
NAAN AND KABOB,8 William Kitchen Rd Bldg-N100 M1P 5B7,10780719.0,
NAAN KABOB,240 Queen St W None M5V 1Z7,10800280.0,
NAI NAI INDONESIAN FOOD,122 St Patrick St Unit-20 M5T 2X8,10786881.0,
NAIJA JOLLOF,592 Queen St W None M6J 1E3,10836667.0,
NANA'S CREPERIE,1917 QUEEN ST E None M4L 1H3,10781788.0,
NANI'S GELATO,120 LYNN WILLIAMS ST None M6K 3N6,10771900.0,
NANYANG FUSION,879 Bay St Unit-3 M5S 3K6,10840826.0,
NARIN PASTRY,881 Wilson Ave None M3K 1E6,10838397.0,
NEWSERENAGRILLS,"3110 KINGSTON RD, Unit-2 None M1M 1P2",10855315.0,
NGANDA,254 Adelaide St W None M5H 1X6,10842440.0,
NGOGO,646 Queen St W Unit-646 M6J 1E4,10812955.0,
NINA'S BRUNCH,238 Augusta Ave None M5T 2L7,10837637.0,
NISHA'S CULINARY,5928 Finch Ave E Unit-3 M1B 5P8,10857660.0,
NOBLE MOMOS,2923 LAWRENCE AVE E None M1P 2S8,10780607.0,
NOME IZAKAYA,92 Fort York Blvd None M5V 4A7,10802640.0,
NORD LYON,486 Front St W Unit-WM41 M5V 0V2,10811893.0,
NORD LYON,250 Queen St W None M5V 1Z7,10840094.0,
NORTH YORK BANQUET HALL/ PHO OXTAIL,1181 Finch Ave W Unit-1X M3J 2V8,10815687.0,
NOTHING BUNDT CAKES,148 North Queen St Unit-G3 M9C 1A8,10797404.0,
NUGATEAU,176 YONGE ST None M5C 2L7,10779097.0,
NUNU ETHIOPIAN FUSION,1178 QUEEN ST W None M6J 1J5,10819130.0,
NUTBAR,127 Ossington Ave None M6J 2Z6,10860471.0,
NUTBAR,425 Adelaide St W None M5V 3C1,10860561.0,
NUTBAR,102 Bloor St W None M5S 1M8,10841689.0,
NUTTEA,637 Bloor St W None M6G 1K8,10796899.0,
ON/OFF,5463 Yonge St None M2N 5S1,10790146.0,
ONE MORE TIME,"5418 YONGE ST, Unit-16 None M2N 6X4",10818050.0,
ONE STOP WAFFLE SHOP,3140 Dundas St W None M6P 2A1,10859909.0,
ONE YORK FOOD HALL (5TH FL.),1 York St Flr-5 None,10804871.0,
ONEFIVESIX,1100 Queen St W Unit-101 M6J 1H9,10852977.0,
ONO POKE,"3 DUNDAS ST E, Bldg-1 None None",10801885.0,
OODLES WOK,41 Lebovic Ave Unit-A117 None,10847962.0,
OPTEAQ,256 Queen St W Unit-256 M5V 1Z8,10781744.0,
ORETTA CAFFE,160 Front St W None None,10858478.0,
OSTERIA SPUNTINO,120 FENMAR DR None M9L 1M6,10860105.0,
OTTO'S BERLIN DONER,505 Richmond St W Unit-K12 M5V 1Y3,10829109.0,
PAAN CITY,2623 Lawrence Ave E None M1P 2S2,10791835.0,
PAANDIAN VILAS,799 Brimley Rd None M1J 1C9,10858999.0,
PANETTORINO FORNO ITALIANO,3797 Lake Shore Blvd W None M8W 1R2,10788622.0,
PAPA JOHN'S,3551 Sheppard Ave E Unit-2 M1T 3K8,10812785.0,
PARADISE WINERY INC.,218 Geary Ave None M6H 2C3,10780707.0,
PARAMOUNT FINE FOODS,1585 The Queensway Bldg-~ M8Z 1T8,10823868.0,
PARATHA KABAB HOUSE,1179 Brimley Rd None M1P 3G5,10819856.0,
PARIS BAGUETTE,4841 Yonge St Unit-120 M2N 5X2,10787412.0,
PARIS BAGUETTE,110 Bloor St W None M5S 2W7,10824089.0,
PARIS BAGUETTE,171 North Queen St Unit-G2 M9C 1A7,10854274.0,
PARIS STEAK,120 Atlantic Ave None M6K 1X9,10843726.0,
PASTABLE,372 Yonge St Bldg-3 M5B 1S6,10835056.0,
PATAGONIA,1255 St Clair Ave W None M6E 1B8,10799755.0,
PERFECT MEAT BOWL,3272 Midland Ave Unit-D123 M1V 0C7,10772702.0,
PETIT POTATO,1033 Bay St None M5S 3A5,10818963.0,
PHILTHY PHILLY'S CHEESESTEAK & POUTINERIE,31 Rexdale Blvd Unit-3110-C3 M9W 1P1,10825479.0,
PHYLLO CAFFE,920 PAPE AVE None M4K 3V2,10832289.0,
PI CO.,1800 Sheppard Ave E Unit-F 014 M2J 5A7,10831900.0,
PIANO PIANO,1006 Bloor St W None M6H 1M2,10840269.0,
PIDAPIPO GELATO,656 Yonge St None M4Y 2A6,10809230.0,
PIKA PIKA,486 Front St W None M5V 0V2,10828659.0,
PINOKIO,2350 YONGE ST None M4P 2E6,10845646.0,
PIRAGUA,893 QUEEN ST W None M6J 1G5,10805423.0,
PITA LAND,11 Industrial St Unit-2 M4G 1Z2,10771938.0,
PITA LAND,2300 Yonge St None M4P 1E4,10796693.0,
PITA LITE,1440 Yonge St None M4T 1Y5,10785737.0,
PIZZZA GIANT,4002 Sheppard Ave E Unit-102D M1S 4R5,10847949.0,
POKEWORKS,65 Front St W None M5J 1E6,10847546.0,
POKEWORKS,197 North Queen St None M9C 4Y1,10798637.0,
POKEWORKS,486 Front St W Unit-WM22 M5V 0V2,10805861.0,
POKITO,2 St Clair Ave E Unit-C005 M4T 2T5,10802933.0,
POTATO CORNER,300 Borough Dr Unit-63 M1P 4P5,10860810.0,
POULET ROUGE,220 Yonge St Unit-F008 M5B 2H1,10823847.0,
POUTINE HUB,181 PARLIAMENT ST None M5A 2Z4,10810298.0,
POWPOW GELATO,459 Parliament St None M5A 3A3,10851652.0,
PRETTY SWEET GELATO,"30 BERTRAND AVE, Unit-B201 None M1L 2P5",10832481.0,
PRETTY SWEET GELATO,"110 SILVER STAR BLVD, Unit-116 None M1V 5A2",10849310.0,
PUBLIC GARDENS,577 King St W None M5V 1M1,10822409.0,
PUMPERNICKEL'S,200 Wellington St W Unit-350 M5V 3C7,10790490.0,
PUMPERNICKEL'S,351 King St E Unit-103B M5A 0L6,10843907.0,
PUNJAABI CHAAP HOUSE / ROYAL PAAN,25 Woodbine Downs Blvd Unit-1-2 M9W 6N5,10850012.0,
PUNTA CANA HAUS LOUNGE,1902 Jane St None M9N 2T8,10798034.0,
PURPEL,486 Front St W Unit-WM M5V 0V2,10808792.0,
PURPEL,65 Front St W Unit-CRU331 M5J 1E6,10809139.0,
QING SHU SPICY HOTPOT,5195 Yonge St None M2N 5P7,10778145.0,
R.CHANG FOOD LTD,380 Tapscott Rd Unit-3 M1B 2Y8,10836955.0,
RAJA SWEETS AND FAST FOOD,3000 Danforth Ave None M4C 1M7,10821889.0,
RAMONA'S,1089 QUEEN ST W None M6J 1H3,10805629.0,
REAL GREEK GYROS,731 Queen St E None M4M 1H1,10805402.0,
REAL PINOY TASTE,1150 Morningside Ave Unit-113 M1B 3A4,10829132.0,
RED CONTAINER,639 Queen St E Unit-REAR M4M 1G4,10817642.0,
RED SAUCE,220 Yonge St None M5B 2H1,10807998.0,
RICKY+OLIVIA,996 Queen St E None M4M 1K1,10806522.0,
RIZ GLUTEN- FREE,3471 Yonge St Unit-A M4N 2N3,10778241.0,
ROMINAS ITALIAN FOOD,8 Westmore Dr Unit-S3 M9V 3Z7,10859958.0,
ROSALU SNACKBAR,228 Christie St None M6G 3B7,10799435.0,
ROWDYS INDIAN AND HAKKA,4352 Kingston Rd Rm-9 M1E 2M8,10797189.0,
ROXTON PUBLIC HOUSE,1112 Dundas St W None M6J 1X2,10855831.0,
ROYAL BAITHAK,755 Queen St E None M4M 1H3,10855186.0,
ROYAL PAAN,41 Lebovic Ave 119-120 None,10798393.0,
ROYAL TAKEOUT,328 Passmore Ave Unit-45 M1V 5J5,10841284.0,
RUDY,3397 Yonge St None M4N 2M8,10824333.0,
RUELO PATISSERIE,463 Mcnicoll Ave None M2H 2C9,10773115.0,
RUMELI,4700 Dufferin St Unit-6 M3H 5S7,10836235.0,
RUPOSHI BANGLA,2680 Lawrence Ave E Unit-5 M1P 4Y4,10819139.0,
RUUMORS RESTO LOUNGE,3466 Dundas St W Unit-6 M6S 2S1,10800353.0,
SAHIBI KABOB,"69 LEBOVIC AVE, Unit-D110 None None",10824312.0,
SAIGON PAI,610 GERRARD ST E None M4M 1Y3,10803496.0,
SAINT GERMAIN,220 Yonge St Unit-202 M5B 2H1,10842751.0,
SAINT GERMAIN,220 Yonge St Unit-18 M5B 2H1,10842887.0,
SAK'S FINE FOODS,165 MAIN ST None M4E 2V9,10862478.0,
SAKU,478 Queen St W None M5V 2B2,10546776.0,
SAKU,20 Edward St Bldg-1 M5G 1C9,10863786.0,
SAKURA LOUNGE,33 Mercer St None M5V 1H2,10844386.0,
SALERNO TRATTORIA,70 Plunkett Rd Unit-7 M9L 2J5,10823925.0,
SAMMARCO,33 Yonge St Unit-102 M5E 1G4,10843342.0,
SAMOSA EXPRESS,100 King St W None M5X 1K7,10861605.0,
SAMOSA WORLD,1571 Sandhurst Crcl Unit-404 M1V 1V2,10779283.0,
SANDRA CRAFT,1289 GERRARD ST E None M4L 1Y5,10841034.0,
SANGEETHA VEG,3601 Lawrence Ave E Unit-1 M1G 1P5,10813799.0,
SANUKI UDON,20 Carlton St Bldg-MAIN M5B 2H5,10775821.0,
SAVOR,1226 ST CLAIR AVE W None M6E 1B4,10786390.0,
SAVOURY SAMOSA,16 Mallard Rd Unit-A203 M3B 0A7,10808215.0,
SAWFT,1006 Bloor St W None M6H 1M2,10854956.0,
SCORE ON QUEEN,298 Queen St W None M5V 2A1,10826195.0,
SEAFOOD PRINCESS,3601 Victoria Park Ave Unit-101-105 M1W 3Y3,10833721.0,
SECRET FOOD FUSION,2761 Kingston Rd None M1M 1M8,10859081.0,
SENLA VIETNAMESE,133 Richmond St W Unit-101 M5H 2L3,10849415.0,
SHAKE THERAPY,486 Front St W Unit-WM M5V 0V2,10811375.0,
SHAMEFUL TIKI ROOM,777 QUEEN ST W None M6J 1G1,10847264.0,
SHELL SELECT/FRESHII,4722 YONGE ST None M2N 5M4,10782917.0,
SHIKSHAS CAKE RUSH,1005 Albion Rd Bldg-- M9V 1A6,10844931.0,
SHILVI STREET FOOD,2291 Kipling Ave Unit-111 M9W 4L6,10835677.0,
SHUNOKO,3220 Yonge St None M4N 2L2,10792136.0,
SHUYI TEALICIOUS,394 Spadina Ave None M5T 2G5,10800361.0,
SIMIT & CHAI,1114 QUEEN ST E None M4M 1K8,10819779.0,
SIMPLY CHOPS - SUYA CITY,1354 Weston Rd None M6M 4R8,10850425.0,
SINJEON TOPOKKI & POCHA BLOOR,712 Bloor St W None M6G 1L4,10825967.0,
SIXTYEIGHT,40 King St W Unit-68 M5H 3Y2,10853202.0,
SLOW BITE,45 Sheppard Ave E Unit-102 M2N 5W9,10842915.0,
SMART AND MORRIS JAMAICAN TAKEOUT,854 Bathurst St None M5R 3G3,10771639.0,
SMOKE'S POUTINERIE,588 Danforth Ave None M4K 1R1,10794511.0,
SOI THAIFOON,499 Richmond St W Unit-K 14-16 None,10816939.0,
SOLMAZ BAKLAVA LOKUM PATISSERIE,25 The West Mall Unit-1108 M9C 1B8,10823741.0,
SOMAR PATISSERIE,2075 Lawrence Ave E Unit-B M1R 2Z4,10777175.0,
SOUL CHOCOLATE,20 WAGSTAFF DR None M4L 3W9,10797266.0,
SOUPERLICIOUS,3300 Dufferin St Unit-F M6A 2T5,10793447.0,
SOUTH INDIAN STREET BITES,"4465 SHEPPARD AVE E, Unit-46 None M1S 5H9",10847064.0,
SOUVLAKI & PANINI,6 FAIRLAWN AVE None M5M 1S7,10826224.0,
SOUVLAKI EXPRESS,484 Parliament St None M4X 1P2,10848685.0,
SOUVLAKI HUT,5304 Dundas St W Bldg-- M9B 1B2,10794798.0,
SOUVLAKI HUT,2100 Queen St E None M4E 1E1,10850950.0,
SOUVLAKI HUT RUNNYMEDE,2184 Bloor St W None M6S 1N3,10806387.0,
SOUVLAKI PLACE,495 Bloor St W None M5S 1Y2,10799319.0,
SOY BOYS,1056 Queen St E None M4M 1K5,10863436.0,
SPICY INDIAN FLAVOURS,605 Rogers Rd None M6M 1B9,10855748.0,
SPOTATO,2471 Yonge St None M4P 2H6,10854652.0,
SPREZZATURA,1166 Dundas St W None M6J 1X4,10779416.0,
SQUIRLY'S,807 Queen St W None M6J 1G1,10862123.0,
STREATERY,38 Forest Manor Rd Unit-C None,10830956.0,
STREET MOMOS PORT UNION,271 Old Kingston Rd Unit-103 M1C 1B4,10799451.0,
STUBBE CHOCOLATES,653 ST CLAIR AVE W None M6C 1A7,10834908.0,
SUAVE KORNER KAFE,2200 Eglinton Ave E Unit-103 M1L 2N3,10861040.0,
SUBWAY,200 Front St W Unit-C-004 M5V 3K2,10850367.0,
SUBWAY,170 Sumach St Unit-5 M5A 0C3,10844760.0,
SUBWAY,78 Dundas St E None M5B 1C9,10844371.0,
SUBWAY,3030 Don Mills Rd E Unit-27 M2J 3C1,10834224.0,
SUBWAY,6135 Finch Ave E Unit-3 M1X 0C9,10825834.0,
SUBWAY,785 Steeles Ave W None M2R 3W9,10823332.0,
SUBWAY,5919 Leslie St None None,10806950.0,
SUBWAY,220 Yonge St None M5B 2H1,10799283.0,
SUBWAY,"222 THE ESPLANADE, Unit-1B None M5A 4M8",10840116.0,
SUBWAY,2555 Victoria Park Ave Unit-3B M1T 1A3,10789243.0,
SUBWAY,"142 KENDAL AVE, Unit-144 None M5R 1M3",10403383.0,
SUBWAY,1717 Bloor St W None M6P 1B2,10793783.0,
SUBWAY,671 Danforth Ave Flr-1 - FLR-2 M4J 1L3,10772207.0,
SUBWAY,275 Dundas St W Unit-12 M5T 3K1,10773032.0,
SUBWAY,1160 Morningside Ave Unit-A M1B 3A4,10773754.0,
SUBWAY,1082 Queen St W None M6J 1H8,10826131.0,
SUBWAY,300 Borough Dr Unit-FC-03 M1P 4P5,10777369.0,
SUBWAY,2848 Ellesmere Rd None M1E 4B8,10778237.0,
SUBWAY,1571 Sandhurst Crcl Unit-106B M1V 1V2,10786527.0,
SUBWAY,3316 Keele St None M3M 2H7,10787823.0,
SUBWAY,1171 Bloor St W None M6H 1M9,10788537.0,
SUBWAY,120 Eringate Dr Unit-4 M9C 3Z8,10775291.0,
SUKHOTHAI,460 Front St E None M5A 0E6,10797780.0,
SULTAN OF SAMOSAS INC.,251 Bartley Dr Unit-1 M4A 2N7,10779824.0,
SUNNY TAIWANESE FOOD INC,915 Bay St Unit-1 M5S 3L6,10778823.0,
SUPER SAMOSA SNACKS AND SWEETS,837 Albion Rd Unit-- M9V 1A3,10863587.0,
SURREAL SWEETS,3513 Bathurst St None M6A 2C5,10791383.0,
SURTI PAAN & FOODS,11 Westmore Dr Unit-5 M9V 3Y6,10823795.0,
SUYA CITY EXPRESS,778 Dundas St W None M6J 1V1,10844707.0,
SWEETIE PIE,3308 Yonge St None M4N 2M4,10774047.0,
SWEETIE PIE,100 King St W Unit-CN0147 M5X 1K7,10774290.0,
SWEETS N BITS CREATIONS,227 TAVISTOCK RD None M3M 2P8,10862127.0,
SZECHUAN,486 Front St W Unit-WM39 M5V 0V2,10811236.0,
SZECHUAN EXPRESS,3401 Dufferin St Unit-FC16 M6A 2T9,10776774.0,
TAGPUAN 5,335 Yonge St None M5B 1R7,10846522.0,
TAHINI'S,690 Dundas St E Unit-6 M5A 0W6,10857687.0,
TAHINI'S,175 Bloor St E Unit-R1-S M4W 3T5,10831547.0,
TAKSIM DONER,5906 Yonge St None M2M 3T3,10816742.0,
TALINE,1276 Yonge St None M4T 1W5,10787513.0,
TAMADA,3421 Yonge St None M4N 2N1,10849347.0,
TAROU DON,4675 Steeles Ave E Unit-2FC8 M1V 4S5,10829689.0,
TASTE OF ALLEY,428 DUNDAS ST W None M5T 1G7,10809114.0,
TATSURO'S,1378 Queen St E None M4L 1C9,10837386.0,
TEAKO,1279 GERRARD ST E None M4L 1Y5,10785573.0,
TEAMENDOUS,10 KARL FRASER RD None M3C 0E8,10765281.0,
TEDDY BEER,928 Bloor St W None M6H 1L4,10815697.0,
THAI BARN NA,127 Jefferson Ave None M6K 3E4,10846941.0,
THAI EXPRESS,65 Front St W Unit-485 M5J 1E6,10803107.0,
THAI EXPRESS,21 Rexdale Blvd Unit-4002 M9W 5Z3,10822539.0,
THAI EXPRESS,250 The East Mall Bldg-162 M9B 3Y8,10824269.0,
THAI ON ROCK,1911 Ellesmere Rd Unit-A M1H 2W5,10777254.0,
THAI ROOM,43 Milner Ave Unit-D1 M1S 3P6,10805457.0,
THAI SQUARE,277 Port Union Rd None M1C 2L3,10797129.0,
THE AREPA REPUBLIC,76 DENSLEY AVE None M6M 2R3,10814288.0,
THE AREPA REPUBLIC,499 Richmond St W Unit-K1 None,10816092.0,
THE BAGEL STOP,222 Bay St Unit-E3B M5K 2J7,10775876.0,
THE BAGEL STOP,243 Consumers Rd None M2J 4W8,10833371.0,
THE BAGEL STOP,686 Bay St Bldg-2 None,10855738.0,
THE BALDEV PAAN AND SNACKS,1399 Gerrard St E None M4L 1Z5,10839154.0,
THE BLACKHORN STEAKHOUSE,251 Ellesmere Rd None M1R 4E4,10842445.0,
THE BURRITO BROS,320 Richmond St E 107 M5A 1P9,10788990.0,
THE BURRITO BROS,359 Eglinton Ave W None M5N 1A3,10802862.0,
THE CASTLE ON QUEEN,884 Queen St E None M4M 1J3,10857125.0,
THE CHINESE BLOCK,28 Finch Ave W Unit-109 M2N 2G7,10838479.0,
THE CHOCOLATE ROOM,2652 Islington Ave Bldg-- M9V 2X5,10835687.0,
THE CHOCOLATERIA,361 Roncesvalles Ave None M6R 2M8,10779460.0,
THE CHULO,394 Bloor St W None M5S 1X4,10788369.0,
THE DOPAMINE LOUNGE,"2415 YONGE ST, Flr-1 None M4P 2E7",10831893.0,
THE DUM SPOT,615 Queen St W None M5V 2B7,10846321.0,
THE DUMBIRYANI.CA,"20 LOCKPORT AVE, Unit-- None M8Z 2R7",10809947.0,
THE FARE FOOD CO,300 King St E UNIT-200 M5A 1K4,10773570.0,
THE FRY,524 Bloor St W None M5S 1Y3,10777631.0,
THE GRAND INDIAN DINING,507 Queen St W None M5V 2B4,10810064.0,
THE GREAT CANADIAN BAGEL,112 Elizabeth St None M5G 1P5,10832070.0,
THE GREENWOOD,1374 Queen St E None M4L 1C9,10832190.0,
THE HAKKA SPOT,557 Dixon Rd 131 M9W 6K1,10849646.0,
THE HALAL GUYS,8 Wellesley St E None M4Y 3B2,10816021.0,
THE HALAL STOP,4205 Keele St Unit-18 M3J 3T8,10860866.0,
THE HIVE BY HONEY SOUL FOOD,907 Dundas St W None M6J 1V9,10860614.0,
THE HUT,2528 YONGE ST None M4P 2H7,10833325.0,
THE INDIAN CANTEEN,100 Yonge St None M5C 2W1,10779456.0,
THE ISLANDS CARIBBEAN COOKSHOP,486 Front St W None M5V 0V2,10808012.0,
THE KABOB GUYS,147 Spadina Ave Flr-1 M5V 2L7,10775443.0,
THE KING'S KURRY,3038 Bloor St W None M8X 1C4,10802435.0,
THE LINX LOUNGE,205 HUMBER COLLEGE BLVD None M9W 5L7,10830360.0,
THE MEATHEAD STORE,1210 Markham Rd Unit-9-10 M1H 3B3,10777242.0,
THE MOMO HOUSE,1416 Queen St W None M6K 1L9,10837564.0,
THE MOMO STATION-2,633 Markham Rd None M1H 2A4,10832122.0,
THE POT HOME,5287 Yonge St None M2N 5R3,10844487.0,
THE RED TRUCK,120 St George St None M5S 0C1,10861877.0,
THE ROY PUBLIC HOUSE,894 Queen St E None M4M 1J3,10798932.0,
THE SAND TRAP GOLF SIMULATOR AND LOUNGE,1306 King St W None M6K 1G8,10863760.0,
THE SPICY ALLEY FOOD,"63 SILVER STAR BLVD, Unit-D1-D2 None M1V 5E5",10813218.0,
THE SPICY ETHIOPIAN,175 Queen St E None M5A 1S2,10810881.0,
THE SUYA SPOT,269 Morningside Ave None M1E 3G1,10776018.0,
THE SUYA SPOT,1269 Weston Rd None M6M 4R2,10841548.0,
THE SWEET SCOOP,16A Yonge St None M5E 2A3,10859033.0,
THE SWEET SPOT,41 Baldwin St None M5T 1L1,10798378.0,
THE WING SPOT,841 Queen St W Unit-1 M6J 1G4,10779691.0,
THE WOLFE TONE,1961 Queen St E None M4L 1H7,10798633.0,
TIARRES'S BRUNCH N CAKES,1614 Bayview Ave None M4G 3B7,10808461.0,
TIENDA EL PASTORCITO,1209 ST CLAIR AVE W None M6E 1B5,10851448.0,
TIFFINS2U,1352 Kennedy Rd Bldg-1 M1P 2L7,10797980.0,
TIGER SUGAR,2391 YONGE ST None M4P 2E7,10796803.0,
TIKHARO The Home of Indian Street Food,127 Westmore Dr Unit-111 M9V 3Y6,10850006.0,
TIKKA KING,296 Rexdale Blvd None M9W 1R6,10807167.0,
TIKKA LOUNGE,6200 Finch Ave W None M9V 0A1,10819666.0,
TIKKA TIKKA,"2240 LAKE SHORE BLVD W, Unit-104 None M8V 1A5",10842898.0,
TO LIVE MAC,5040 YONGE ST None M2N 6R8,10860540.0,
"TOASTOLOGY
TOASTOLOGY",1918 QUEEN ST E None M4L 1H5,10829444.0,
TOBIKO,3073 Bloor St W None M8X 1C7,10791684.0,
TONG MEIN,486 Front St W Unit-WM03 M5V 0V2,10812786.0,
TORTACO,788 Broadview Ave None M4K 2P7,10843037.0,
TSUJIRI,143 Dundas St W None M5G 1C5,10852814.0,
TUCANE'S LOUNGE (LABAMBA),"1355 ST CLAIR AVE W, Flr-2 None M6E 1C5",10826822.0,
TULIA  OSTERIA,1402 Queen St E None M4L 1C9,10823778.0,
TURKISH CORNER + BULLGER,2712 Keele St None M3M 2G1,10841575.0,
Torishi,23 Baldwin St None M5T 1L1,10843828.0,
UNCLE TETSU'S JAPANESE CHEESECAKE,486 Front St W Unit-WM M5V 0V2,10811398.0,
UNCLE TETSU'S JAPANESE CHEESECAKE,4909 Yonge St None M2N 5N4,10816966.0,
UNIQUE PASTRY,"4750 YONGE ST, Unit-160 None M2N 5M6",10789547.0,
USLURPNOODLE,189 Dundas St W None M5G 1C7,10780635.0,
Urban Spoonful,1118 Finch Ave W Unit-1A M3J 3J4,10827335.0,
VAVA DESIGNER CAKES,620 Yonge St None M4Y 1Z8,10818485.0,
VELVET LANE CAKES,173 King St E None M5A 1J4,10798301.0,
VENEROSA GELATO,801 Queen St W None M6J 1G1,10814638.0,
VERACRUZ MEXICAN FOOD,1800 Eglinton Ave W None M6E 2H6,10842880.0,
VEREDA CENTRAL,220 Yonge St Unit-3117A M5B 2H1,10823405.0,
VERSAC LOUNGE,1068 ISLINGTON AVE None M8Z 4R6,10851052.0,
VIA ALLEGRO RISTORANTE,1750 The Queensway Unit-3 M9C 5H5,10855166.0,
VIA CIBO ITALIAN STREET FOOD,808 York Mills Rd Unit-14 M3B 1X8,10850003.0,
VIETNAMESE SUB,2541 Eglinton Ave W None M6M 1T2,10856957.0,
VIOLA FOOD CO.,"100 SYMES RD, Unit-112-SHARED None M6N 3T1",10826074.0,
VIVASUB,1178 The Queensway Unit-A M8Z 1R5,10847925.0,
WALLACE ESPRESSO,70 Hounslow Heath Rd Unit-A M6N 1G8,10804804.0,
WEI LAI,222 Spadina Ave Unit-BF2 M5T 3B3,10846239.0,
WETZEL'S PRETZELS,220 Yonge St Unit-H30B M5B 2H1,10838796.0,
WEYONGE,"909 YONGE ST, Unit-27-28 None M4W 2H2",10856798.0,
WHAT A BAGEL,1984 QUEEN ST E None M4L 1J2,10819336.0,
WINE KITZ,"3220 DUFFERIN ST, Unit-5 None M6A 2T3",10807858.0,
WING IT!,271 Morningside Ave Unit-A M1E 3G1,10803771.0,
WINGZILLA,1129 Queen St E None M4M 1K9,10781282.0,
WOOJOO,417 Bloor St W None M5S 1X6,10796918.0,
WOONDALL,3000 Danforth Ave Unit-4 M4C 1M7,10784333.0,
WPZ SWEET LAB,"5418 YONGE ST, Unit-5 None M2N 6X4",10790345.0,
XUMA COCINA MEXICANA,505 Danforth Ave None M4K 1P5,10861555.0,
YAKINIKU LEGEND,35 Mc Caul St Unit-100 M5T 1V7,10842198.0,
YARDY'S JERK,2201 Finch Ave W Unit-3 M9M 2Y9,10842266.0,
YEAH YEAH THAI,382 Spadina Ave None M5T 2G5,10804065.0,
YES FOOD FAIR,1940 GERRARD ST E None M4L 2C1,10790627.0,
YO DONER,250 Dundas St W None M5T 2Z5,10815303.0,
YOGEN FRUZ,3401 Dufferin St Unit-0032A M6A 2T9,10785158.0,
YOLKS,2245 Bloor St W None M6S 1N8,10863607.0,
YONGE POTATO,"28 FINCH AVE W, Unit-110 None M2N 2G7",10838465.0,
YONGE STREET GOURMET,2190 YONGE ST None M4S 2B8,10631715.0,
YOUR GELATO,2009 AVENUE RD None M5M 4A5,10783729.0,
Z-TECA COCINA MEXICANA,333 Bay St Flr-C3 M5H 2R2,10837353.0,
ZAKKUSHI ON QUEEN WEST,620 Queen St W Unit-620 M6J 1E4,10811859.0,
ZAO MEN KAN,3365 Steeles Ave E Unit-5-6 M2H 0A7,10733352.0,
ZEN KYOTO,333 Bay St Unit-F4 M5H 2R2,10804904.0,
ZHANGTANTAN MALATANG,17A Finch Ave W Unit-A M2N 7K4,10827348.0,
3 MARIACHIS (ESPLANADE),140 The Esplanade None M5A 4P5,10820028.0,
ANEAL'S TASTE OF THE ISLANDS,4807 Steeles Ave W None M9L 2W1,10771396.0,
ARIANNA (4TH FL),60 Harbour St None M5J 1B7,10836211.0,
ASSEMBLY CHEF'S HALL - GRANDMA LOVES YOU,111 Richmond St W None M5H 2G4,10777886.0,
ASSEMBLY CHEF'S HALL - MARY'S BRIGADEIRO,111 Richmond St W None M5H 2G4,10795176.0,
ASSEMBLY CHEF'S HALL - SAMONÉ,111 Richmond St W None M5H 2G4,10859072.0,
